[
  {
    "name": "Water Bottle",
    "category": "Hydration",
    "quantity": "2L per person",
    "notes": "Use reusable bottles or pouches."
  },
  {
    "name": "First Aid Kit",
    "category": "Health",
    "quantity": "1 kit",
    "notes": "Include bandages, antiseptic, painkillers."
  },
  {
    "name": "Flashlight",
    "category": "Lighting",
    "quantity": "1 per person",
    "notes": "Preferably LED with extra batteries."
  },
  {
    "name": "Whistle",
    "category": "Signaling",
    "quantity": "1",
    "notes": "To signal for help."
  },
  {
    "name": "Thermal Blanket",
    "category": "Warmth",
    "quantity": "1 per person",
    "notes": "Compact and heat reflective."
  },
  {
    "name": "Multipurpose Tool",
    "category": "Tools",
    "quantity": "1",
    "notes": "Includes knife, pliers, screwdriver, etc."
  },
  {
    "name": "Portable Charger",
    "category": "Electronics",
    "quantity": "1",
    "notes": "Prefer solar-powered for emergencies."
  },
  {
    "name": "Non-perishable Food",
    "category": "Nutrition",
    "quantity": "3-day supply",
    "notes": "Energy bars, canned goods, dried fruit."
  },
  {
    "name": "Important Documents",
    "category": "Documents",
    "quantity": "Photocopies",
    "notes": "ID, insurance, emergency contacts."
  },
  {
    "name": "Cash",
    "category": "Finance",
    "quantity": "Small denominations",
    "notes": "ATMs may be unavailable."
  },
  {
    "name": "Face Masks",
    "category": "Health",
    "quantity": "2-3 per person",
    "notes": "Protects from dust and viruses."
  },
  {
    "name": "Hand Sanitizer",
    "category": "Health",
    "quantity": "1 small bottle",
    "notes": "At least 60% alcohol."
  },
  {
    "name": "Matches / Lighter",
    "category": "Fire",
    "quantity": "1 pack",
    "notes": "Store in waterproof container."
  },
  {
    "name": "Local Map",
    "category": "Navigation",
    "quantity": "1",
    "notes": "In case GPS fails."
  },
  {
    "name": "Clothing",
    "category": "Personal",
    "quantity": "1 change",
    "notes": "Weather-appropriate."
  }
]
